<?xml version="1.0" encoding="UTF-8"?>
<point_cloud version="1.2.0">
  <params>
    <dataType>uint8</dataType>
    <bands>
      <band label="Red"/>
      <band label="Green"/>
      <band label="Blue"/>
    </bands>
  </params>
  <tracks path="tracks.ply" count="18898"/>
  <points path="points.ply" count="17213"/>
  <projections camera_id="0" path="p0.ply" count="2252"/>
  <projections camera_id="1" path="p1.ply" count="2243"/>
  <projections camera_id="2" path="p2.ply" count="2542"/>
  <projections camera_id="3" path="p3.ply" count="2520"/>
  <projections camera_id="4" path="p4.ply" count="1729"/>
  <projections camera_id="5" path="p5.ply" count="1321"/>
  <projections camera_id="6" path="p6.ply" count="1203"/>
  <projections camera_id="7" path="p7.ply" count="1497"/>
  <projections camera_id="8" path="p8.ply" count="1557"/>
  <projections camera_id="9" path="p9.ply" count="1141"/>
  <projections camera_id="10" path="p10.ply" count="925"/>
  <projections camera_id="11" path="p11.ply" count="751"/>
  <projections camera_id="12" path="p12.ply" count="961"/>
  <projections camera_id="13" path="p13.ply" count="926"/>
  <projections camera_id="14" path="p14.ply" count="515"/>
  <projections camera_id="15" path="p15.ply" count="760"/>
  <projections camera_id="16" path="p16.ply" count="960"/>
  <projections camera_id="17" path="p17.ply" count="914"/>
  <projections camera_id="18" path="p18.ply" count="840"/>
  <projections camera_id="19" path="p19.ply" count="1157"/>
  <projections camera_id="20" path="p20.ply" count="1242"/>
  <projections camera_id="21" path="p21.ply" count="725"/>
  <projections camera_id="22" path="p22.ply" count="733"/>
  <projections camera_id="23" path="p23.ply" count="1308"/>
  <projections camera_id="24" path="p24.ply" count="1547"/>
  <projections camera_id="25" path="p25.ply" count="836"/>
  <projections camera_id="26" path="p26.ply" count="1848"/>
  <projections camera_id="27" path="p27.ply" count="581"/>
  <projections camera_id="28" path="p28.ply" count="1989"/>
  <projections camera_id="29" path="p29.ply" count="483"/>
  <projections camera_id="30" path="p30.ply" count="475"/>
  <projections camera_id="31" path="p31.ply" count="661"/>
  <projections camera_id="32" path="p32.ply" count="1295"/>
  <projections camera_id="33" path="p33.ply" count="2045"/>
  <projections camera_id="34" path="p34.ply" count="951"/>
  <projections camera_id="35" path="p35.ply" count="1320"/>
  <projections camera_id="36" path="p36.ply" count="766"/>
  <projections camera_id="37" path="p37.ply" count="363"/>
  <projections camera_id="38" path="p38.ply" count="66"/>
  <projections camera_id="39" path="p39.ply" count="306"/>
  <projections camera_id="40" path="p40.ply" count="550"/>
  <projections camera_id="41" path="p41.ply" count="820"/>
  <projections camera_id="42" path="p42.ply" count="220"/>
  <projections camera_id="43" path="p43.ply" count="216"/>
  <projections camera_id="44" path="p44.ply" count="749"/>
  <projections camera_id="45" path="p45.ply" count="350"/>
  <projections camera_id="46" path="p46.ply" count="1736"/>
  <projections camera_id="47" path="p47.ply" count="328"/>
  <meta>
    <property name="match/duration" value="107.279421"/>
    <property name="match/match_downscale" value="2"/>
    <property name="match/match_point_limit" value="40000"/>
    <property name="match/match_preselection_generic" value="true"/>
    <property name="match/match_tiepoint_limit" value="4000"/>
  </meta>
</point_cloud>
