<?xml version="1.0" encoding="UTF-8"?>
<frame>
  <cameras>
    <camera camera_id="0">
      <photo path="../../../../../raw_images/mannequin/8W0B0001.JPG">
        <meta>
          <property name="Exif/ApertureValue" value="4.375"/>
          <property name="Exif/DateTime" value="2017:09:20 13:34:07"/>
          <property name="Exif/DateTimeOriginal" value="2017:09:20 13:34:07"/>
          <property name="Exif/ExposureTime" value="0.02"/>
          <property name="Exif/FNumber" value="4.5"/>
          <property name="Exif/FocalLength" value="35"/>
          <property name="Exif/FocalPlaneXResolution" value="155.216737538198"/>
          <property name="Exif/FocalPlaneYResolution" value="155.536113541363"/>
          <property name="Exif/ISOSpeedRatings" value="800"/>
          <property name="Exif/Make" value="Canon"/>
          <property name="Exif/Model" value="Canon EOS 5D Mark III"/>
          <property name="Exif/Orientation" value="8"/>
          <property name="Exif/ShutterSpeedValue" value="5.625"/>
          <property name="File/ImageHeight" value="3840"/>
          <property name="File/ImageWidth" value="5760"/>
          <property name="System/FileModifyDate" value="2017:09:20 13:34:10"/>
          <property name="System/FileSize" value="4332436"/>
        </meta>
      </photo>
    </camera>
    <camera camera_id="1">
      <photo path="../../../../../raw_images/mannequin/8W0B0002.JPG">
        <meta>
          <property name="Exif/ApertureValue" value="3.625"/>
          <property name="Exif/DateTime" value="2017:09:20 13:34:23"/>
          <property name="Exif/DateTimeOriginal" value="2017:09:20 13:34:23"/>
          <property name="Exif/ExposureTime" value="0.0333333333333333"/>
          <property name="Exif/FNumber" value="3.5"/>
          <property name="Exif/FocalLength" value="35"/>
          <property name="Exif/FocalPlaneXResolution" value="155.216737538198"/>
          <property name="Exif/FocalPlaneYResolution" value="155.536113541363"/>
          <property name="Exif/ISOSpeedRatings" value="400"/>
          <property name="Exif/Make" value="Canon"/>
          <property name="Exif/Model" value="Canon EOS 5D Mark III"/>
          <property name="Exif/Orientation" value="8"/>
          <property name="Exif/ShutterSpeedValue" value="5"/>
          <property name="File/ImageHeight" value="3840"/>
          <property name="File/ImageWidth" value="5760"/>
          <property name="System/FileModifyDate" value="2017:09:20 13:34:26"/>
          <property name="System/FileSize" value="4722824"/>
        </meta>
      </photo>
    </camera>
    <camera camera_id="2">
      <photo path="../../../../../raw_images/mannequin/8W0B0003.JPG">
        <meta>
          <property name="Exif/ApertureValue" value="3.625"/>
          <property name="Exif/DateTime" value="2017:09:20 13:34:30"/>
          <property name="Exif/DateTimeOriginal" value="2017:09:20 13:34:30"/>
          <property name="Exif/ExposureTime" value="0.025"/>
          <property name="Exif/FNumber" value="3.5"/>
          <property name="Exif/FocalLength" value="35"/>
          <property name="Exif/FocalPlaneXResolution" value="155.216737538198"/>
          <property name="Exif/FocalPlaneYResolution" value="155.536113541363"/>
          <property name="Exif/ISOSpeedRatings" value="400"/>
          <property name="Exif/Make" value="Canon"/>
          <property name="Exif/Model" value="Canon EOS 5D Mark III"/>
          <property name="Exif/Orientation" value="8"/>
          <property name="Exif/ShutterSpeedValue" value="5.375"/>
          <property name="File/ImageHeight" value="3840"/>
          <property name="File/ImageWidth" value="5760"/>
          <property name="System/FileModifyDate" value="2017:09:20 13:34:32"/>
          <property name="System/FileSize" value="4635578"/>
        </meta>
      </photo>
    </camera>
    <camera camera_id="3">
      <photo path="../../../../../raw_images/mannequin/8W0B0004.JPG">
        <meta>
          <property name="Exif/ApertureValue" value="4"/>
          <property name="Exif/DateTime" value="2017:09:20 13:36:02"/>
          <property name="Exif/DateTimeOriginal" value="2017:09:20 13:36:02"/>
          <property name="Exif/ExposureTime" value="0.025"/>
          <property name="Exif/FNumber" value="4"/>
          <property name="Exif/FocalLength" value="35"/>
          <property name="Exif/FocalPlaneXResolution" value="155.216737538198"/>
          <property name="Exif/FocalPlaneYResolution" value="155.536113541363"/>
          <property name="Exif/ISOSpeedRatings" value="400"/>
          <property name="Exif/Make" value="Canon"/>
          <property name="Exif/Model" value="Canon EOS 5D Mark III"/>
          <property name="Exif/Orientation" value="8"/>
          <property name="Exif/ShutterSpeedValue" value="5.375"/>
          <property name="File/ImageHeight" value="3840"/>
          <property name="File/ImageWidth" value="5760"/>
          <property name="System/FileModifyDate" value="2017:09:20 13:36:04"/>
          <property name="System/FileSize" value="4940705"/>
        </meta>
      </photo>
    </camera>
    <camera camera_id="4">
      <photo path="../../../../../raw_images/mannequin/8W0B0005.JPG">
        <meta>
          <property name="Exif/ApertureValue" value="4"/>
          <property name="Exif/DateTime" value="2017:09:20 13:36:07"/>
          <property name="Exif/DateTimeOriginal" value="2017:09:20 13:36:07"/>
          <property name="Exif/ExposureTime" value="0.025"/>
          <property name="Exif/FNumber" value="4"/>
          <property name="Exif/FocalLength" value="35"/>
          <property name="Exif/FocalPlaneXResolution" value="155.216737538198"/>
          <property name="Exif/FocalPlaneYResolution" value="155.536113541363"/>
          <property name="Exif/ISOSpeedRatings" value="400"/>
          <property name="Exif/Make" value="Canon"/>
          <property name="Exif/Model" value="Canon EOS 5D Mark III"/>
          <property name="Exif/Orientation" value="8"/>
          <property name="Exif/ShutterSpeedValue" value="5.375"/>
          <property name="File/ImageHeight" value="3840"/>
          <property name="File/ImageWidth" value="5760"/>
          <property name="System/FileModifyDate" value="2017:09:20 13:36:10"/>
          <property name="System/FileSize" value="4860767"/>
        </meta>
      </photo>
    </camera>
    <camera camera_id="5">
      <photo path="../../../../../raw_images/mannequin/8W0B0006.JPG">
        <meta>
          <property name="Exif/ApertureValue" value="4"/>
          <property name="Exif/DateTime" value="2017:09:20 13:36:16"/>
          <property name="Exif/DateTimeOriginal" value="2017:09:20 13:36:16"/>
          <property name="Exif/ExposureTime" value="0.02"/>
          <property name="Exif/FNumber" value="4"/>
          <property name="Exif/FocalLength" value="35"/>
          <property name="Exif/FocalPlaneXResolution" value="155.216737538198"/>
          <property name="Exif/FocalPlaneYResolution" value="155.536113541363"/>
          <property name="Exif/ISOSpeedRatings" value="400"/>
          <property name="Exif/Make" value="Canon"/>
          <property name="Exif/Model" value="Canon EOS 5D Mark III"/>
          <property name="Exif/Orientation" value="8"/>
          <property name="Exif/ShutterSpeedValue" value="5.625"/>
          <property name="File/ImageHeight" value="3840"/>
          <property name="File/ImageWidth" value="5760"/>
          <property name="System/FileModifyDate" value="2017:09:20 13:36:18"/>
          <property name="System/FileSize" value="4953087"/>
        </meta>
      </photo>
    </camera>
    <camera camera_id="6">
      <photo path="../../../../../raw_images/mannequin/8W0B0007.JPG">
        <meta>
          <property name="Exif/ApertureValue" value="4.375"/>
          <property name="Exif/DateTime" value="2017:09:20 13:36:22"/>
          <property name="Exif/DateTimeOriginal" value="2017:09:20 13:36:22"/>
          <property name="Exif/ExposureTime" value="0.02"/>
          <property name="Exif/FNumber" value="4.5"/>
          <property name="Exif/FocalLength" value="35"/>
          <property name="Exif/FocalPlaneXResolution" value="155.216737538198"/>
          <property name="Exif/FocalPlaneYResolution" value="155.536113541363"/>
          <property name="Exif/ISOSpeedRatings" value="400"/>
          <property name="Exif/Make" value="Canon"/>
          <property name="Exif/Model" value="Canon EOS 5D Mark III"/>
          <property name="Exif/Orientation" value="8"/>
          <property name="Exif/ShutterSpeedValue" value="5.625"/>
          <property name="File/ImageHeight" value="3840"/>
          <property name="File/ImageWidth" value="5760"/>
          <property name="System/FileModifyDate" value="2017:09:20 13:36:24"/>
          <property name="System/FileSize" value="4907404"/>
        </meta>
      </photo>
    </camera>
    <camera camera_id="7">
      <photo path="../../../../../raw_images/mannequin/8W0B0008.JPG">
        <meta>
          <property name="Exif/ApertureValue" value="4.375"/>
          <property name="Exif/DateTime" value="2017:09:20 13:36:25"/>
          <property name="Exif/DateTimeOriginal" value="2017:09:20 13:36:25"/>
          <property name="Exif/ExposureTime" value="0.02"/>
          <property name="Exif/FNumber" value="4.5"/>
          <property name="Exif/FocalLength" value="35"/>
          <property name="Exif/FocalPlaneXResolution" value="155.216737538198"/>
          <property name="Exif/FocalPlaneYResolution" value="155.536113541363"/>
          <property name="Exif/ISOSpeedRatings" value="400"/>
          <property name="Exif/Make" value="Canon"/>
          <property name="Exif/Model" value="Canon EOS 5D Mark III"/>
          <property name="Exif/Orientation" value="8"/>
          <property name="Exif/ShutterSpeedValue" value="5.625"/>
          <property name="File/ImageHeight" value="3840"/>
          <property name="File/ImageWidth" value="5760"/>
          <property name="System/FileModifyDate" value="2017:09:20 13:36:28"/>
          <property name="System/FileSize" value="4880024"/>
        </meta>
      </photo>
    </camera>
    <camera camera_id="8">
      <photo path="../../../../../raw_images/mannequin/8W0B0009.JPG">
        <meta>
          <property name="Exif/ApertureValue" value="4.375"/>
          <property name="Exif/DateTime" value="2017:09:20 13:36:31"/>
          <property name="Exif/DateTimeOriginal" value="2017:09:20 13:36:31"/>
          <property name="Exif/ExposureTime" value="0.02"/>
          <property name="Exif/FNumber" value="4.5"/>
          <property name="Exif/FocalLength" value="35"/>
          <property name="Exif/FocalPlaneXResolution" value="155.216737538198"/>
          <property name="Exif/FocalPlaneYResolution" value="155.536113541363"/>
          <property name="Exif/ISOSpeedRatings" value="400"/>
          <property name="Exif/Make" value="Canon"/>
          <property name="Exif/Model" value="Canon EOS 5D Mark III"/>
          <property name="Exif/Orientation" value="8"/>
          <property name="Exif/ShutterSpeedValue" value="5.625"/>
          <property name="File/ImageHeight" value="3840"/>
          <property name="File/ImageWidth" value="5760"/>
          <property name="System/FileModifyDate" value="2017:09:20 13:36:34"/>
          <property name="System/FileSize" value="4825178"/>
        </meta>
      </photo>
    </camera>
    <camera camera_id="9">
      <photo path="../../../../../raw_images/mannequin/8W0B0010.JPG">
        <meta>
          <property name="Exif/ApertureValue" value="4.375"/>
          <property name="Exif/DateTime" value="2017:09:20 13:36:43"/>
          <property name="Exif/DateTimeOriginal" value="2017:09:20 13:36:43"/>
          <property name="Exif/ExposureTime" value="0.02"/>
          <property name="Exif/FNumber" value="4.5"/>
          <property name="Exif/FocalLength" value="35"/>
          <property name="Exif/FocalPlaneXResolution" value="155.216737538198"/>
          <property name="Exif/FocalPlaneYResolution" value="155.536113541363"/>
          <property name="Exif/ISOSpeedRatings" value="400"/>
          <property name="Exif/Make" value="Canon"/>
          <property name="Exif/Model" value="Canon EOS 5D Mark III"/>
          <property name="Exif/Orientation" value="8"/>
          <property name="Exif/ShutterSpeedValue" value="5.625"/>
          <property name="File/ImageHeight" value="3840"/>
          <property name="File/ImageWidth" value="5760"/>
          <property name="System/FileModifyDate" value="2017:09:20 13:36:46"/>
          <property name="System/FileSize" value="4872488"/>
        </meta>
      </photo>
    </camera>
    <camera camera_id="10">
      <photo path="../../../../../raw_images/mannequin/8W0B0011.JPG">
        <meta>
          <property name="Exif/ApertureValue" value="4.375"/>
          <property name="Exif/DateTime" value="2017:09:20 13:36:47"/>
          <property name="Exif/DateTimeOriginal" value="2017:09:20 13:36:47"/>
          <property name="Exif/ExposureTime" value="0.02"/>
          <property name="Exif/FNumber" value="4.5"/>
          <property name="Exif/FocalLength" value="35"/>
          <property name="Exif/FocalPlaneXResolution" value="155.216737538198"/>
          <property name="Exif/FocalPlaneYResolution" value="155.536113541363"/>
          <property name="Exif/ISOSpeedRatings" value="400"/>
          <property name="Exif/Make" value="Canon"/>
          <property name="Exif/Model" value="Canon EOS 5D Mark III"/>
          <property name="Exif/Orientation" value="8"/>
          <property name="Exif/ShutterSpeedValue" value="5.625"/>
          <property name="File/ImageHeight" value="3840"/>
          <property name="File/ImageWidth" value="5760"/>
          <property name="System/FileModifyDate" value="2017:09:20 13:36:50"/>
          <property name="System/FileSize" value="4779446"/>
        </meta>
      </photo>
    </camera>
    <camera camera_id="11">
      <photo path="../../../../../raw_images/mannequin/8W0B0012.JPG">
        <meta>
          <property name="Exif/ApertureValue" value="4.375"/>
          <property name="Exif/DateTime" value="2017:09:20 13:36:52"/>
          <property name="Exif/DateTimeOriginal" value="2017:09:20 13:36:52"/>
          <property name="Exif/ExposureTime" value="0.02"/>
          <property name="Exif/FNumber" value="4.5"/>
          <property name="Exif/FocalLength" value="35"/>
          <property name="Exif/FocalPlaneXResolution" value="155.216737538198"/>
          <property name="Exif/FocalPlaneYResolution" value="155.536113541363"/>
          <property name="Exif/ISOSpeedRatings" value="400"/>
          <property name="Exif/Make" value="Canon"/>
          <property name="Exif/Model" value="Canon EOS 5D Mark III"/>
          <property name="Exif/Orientation" value="8"/>
          <property name="Exif/ShutterSpeedValue" value="5.625"/>
          <property name="File/ImageHeight" value="3840"/>
          <property name="File/ImageWidth" value="5760"/>
          <property name="System/FileModifyDate" value="2017:09:20 13:36:54"/>
          <property name="System/FileSize" value="4751748"/>
        </meta>
      </photo>
    </camera>
    <camera camera_id="12">
      <photo path="../../../../../raw_images/mannequin/8W0B0013.JPG">
        <meta>
          <property name="Exif/ApertureValue" value="4.375"/>
          <property name="Exif/DateTime" value="2017:09:20 13:36:58"/>
          <property name="Exif/DateTimeOriginal" value="2017:09:20 13:36:58"/>
          <property name="Exif/ExposureTime" value="0.02"/>
          <property name="Exif/FNumber" value="4.5"/>
          <property name="Exif/FocalLength" value="35"/>
          <property name="Exif/FocalPlaneXResolution" value="155.216737538198"/>
          <property name="Exif/FocalPlaneYResolution" value="155.536113541363"/>
          <property name="Exif/ISOSpeedRatings" value="400"/>
          <property name="Exif/Make" value="Canon"/>
          <property name="Exif/Model" value="Canon EOS 5D Mark III"/>
          <property name="Exif/Orientation" value="8"/>
          <property name="Exif/ShutterSpeedValue" value="5.625"/>
          <property name="File/ImageHeight" value="3840"/>
          <property name="File/ImageWidth" value="5760"/>
          <property name="System/FileModifyDate" value="2017:09:20 13:37:00"/>
          <property name="System/FileSize" value="4728771"/>
        </meta>
      </photo>
    </camera>
    <camera camera_id="13">
      <photo path="../../../../../raw_images/mannequin/8W0B0014.JPG">
        <meta>
          <property name="Exif/ApertureValue" value="4"/>
          <property name="Exif/DateTime" value="2017:09:20 13:37:02"/>
          <property name="Exif/DateTimeOriginal" value="2017:09:20 13:37:02"/>
          <property name="Exif/ExposureTime" value="0.025"/>
          <property name="Exif/FNumber" value="4"/>
          <property name="Exif/FocalLength" value="35"/>
          <property name="Exif/FocalPlaneXResolution" value="155.216737538198"/>
          <property name="Exif/FocalPlaneYResolution" value="155.536113541363"/>
          <property name="Exif/ISOSpeedRatings" value="400"/>
          <property name="Exif/Make" value="Canon"/>
          <property name="Exif/Model" value="Canon EOS 5D Mark III"/>
          <property name="Exif/Orientation" value="8"/>
          <property name="Exif/ShutterSpeedValue" value="5.375"/>
          <property name="File/ImageHeight" value="3840"/>
          <property name="File/ImageWidth" value="5760"/>
          <property name="System/FileModifyDate" value="2017:09:20 13:37:06"/>
          <property name="System/FileSize" value="4763258"/>
        </meta>
      </photo>
    </camera>
    <camera camera_id="14">
      <photo path="../../../../../raw_images/mannequin/8W0B0015.JPG">
        <meta>
          <property name="Exif/ApertureValue" value="4"/>
          <property name="Exif/DateTime" value="2017:09:20 13:37:07"/>
          <property name="Exif/DateTimeOriginal" value="2017:09:20 13:37:07"/>
          <property name="Exif/ExposureTime" value="0.02"/>
          <property name="Exif/FNumber" value="4"/>
          <property name="Exif/FocalLength" value="35"/>
          <property name="Exif/FocalPlaneXResolution" value="155.216737538198"/>
          <property name="Exif/FocalPlaneYResolution" value="155.536113541363"/>
          <property name="Exif/ISOSpeedRatings" value="400"/>
          <property name="Exif/Make" value="Canon"/>
          <property name="Exif/Model" value="Canon EOS 5D Mark III"/>
          <property name="Exif/Orientation" value="8"/>
          <property name="Exif/ShutterSpeedValue" value="5.625"/>
          <property name="File/ImageHeight" value="3840"/>
          <property name="File/ImageWidth" value="5760"/>
          <property name="System/FileModifyDate" value="2017:09:20 13:37:10"/>
          <property name="System/FileSize" value="4814403"/>
        </meta>
      </photo>
    </camera>
    <camera camera_id="15">
      <photo path="../../../../../raw_images/mannequin/8W0B0016.JPG">
        <meta>
          <property name="Exif/ApertureValue" value="4.375"/>
          <property name="Exif/DateTime" value="2017:09:20 13:37:11"/>
          <property name="Exif/DateTimeOriginal" value="2017:09:20 13:37:11"/>
          <property name="Exif/ExposureTime" value="0.02"/>
          <property name="Exif/FNumber" value="4.5"/>
          <property name="Exif/FocalLength" value="35"/>
          <property name="Exif/FocalPlaneXResolution" value="155.216737538198"/>
          <property name="Exif/FocalPlaneYResolution" value="155.536113541363"/>
          <property name="Exif/ISOSpeedRatings" value="400"/>
          <property name="Exif/Make" value="Canon"/>
          <property name="Exif/Model" value="Canon EOS 5D Mark III"/>
          <property name="Exif/Orientation" value="8"/>
          <property name="Exif/ShutterSpeedValue" value="5.625"/>
          <property name="File/ImageHeight" value="3840"/>
          <property name="File/ImageWidth" value="5760"/>
          <property name="System/FileModifyDate" value="2017:09:20 13:37:14"/>
          <property name="System/FileSize" value="4683173"/>
        </meta>
      </photo>
    </camera>
    <camera camera_id="16">
      <photo path="../../../../../raw_images/mannequin/8W0B0017.JPG">
        <meta>
          <property name="Exif/ApertureValue" value="4"/>
          <property name="Exif/DateTime" value="2017:09:20 13:37:16"/>
          <property name="Exif/DateTimeOriginal" value="2017:09:20 13:37:16"/>
          <property name="Exif/ExposureTime" value="0.025"/>
          <property name="Exif/FNumber" value="4"/>
          <property name="Exif/FocalLength" value="35"/>
          <property name="Exif/FocalPlaneXResolution" value="155.216737538198"/>
          <property name="Exif/FocalPlaneYResolution" value="155.536113541363"/>
          <property name="Exif/ISOSpeedRatings" value="400"/>
          <property name="Exif/Make" value="Canon"/>
          <property name="Exif/Model" value="Canon EOS 5D Mark III"/>
          <property name="Exif/Orientation" value="8"/>
          <property name="Exif/ShutterSpeedValue" value="5.375"/>
          <property name="File/ImageHeight" value="3840"/>
          <property name="File/ImageWidth" value="5760"/>
          <property name="System/FileModifyDate" value="2017:09:20 13:37:18"/>
          <property name="System/FileSize" value="4659845"/>
        </meta>
      </photo>
    </camera>
    <camera camera_id="17">
      <photo path="../../../../../raw_images/mannequin/8W0B0018.JPG">
        <meta>
          <property name="Exif/ApertureValue" value="4.375"/>
          <property name="Exif/DateTime" value="2017:09:20 13:37:19"/>
          <property name="Exif/DateTimeOriginal" value="2017:09:20 13:37:19"/>
          <property name="Exif/ExposureTime" value="0.02"/>
          <property name="Exif/FNumber" value="4.5"/>
          <property name="Exif/FocalLength" value="35"/>
          <property name="Exif/FocalPlaneXResolution" value="155.216737538198"/>
          <property name="Exif/FocalPlaneYResolution" value="155.536113541363"/>
          <property name="Exif/ISOSpeedRatings" value="400"/>
          <property name="Exif/Make" value="Canon"/>
          <property name="Exif/Model" value="Canon EOS 5D Mark III"/>
          <property name="Exif/Orientation" value="8"/>
          <property name="Exif/ShutterSpeedValue" value="5.625"/>
          <property name="File/ImageHeight" value="3840"/>
          <property name="File/ImageWidth" value="5760"/>
          <property name="System/FileModifyDate" value="2017:09:20 13:37:22"/>
          <property name="System/FileSize" value="4427194"/>
        </meta>
      </photo>
    </camera>
    <camera camera_id="18">
      <photo path="../../../../../raw_images/mannequin/8W0B0019.JPG">
        <meta>
          <property name="Exif/ApertureValue" value="4.375"/>
          <property name="Exif/DateTime" value="2017:09:20 13:37:23"/>
          <property name="Exif/DateTimeOriginal" value="2017:09:20 13:37:23"/>
          <property name="Exif/ExposureTime" value="0.02"/>
          <property name="Exif/FNumber" value="4.5"/>
          <property name="Exif/FocalLength" value="35"/>
          <property name="Exif/FocalPlaneXResolution" value="155.216737538198"/>
          <property name="Exif/FocalPlaneYResolution" value="155.536113541363"/>
          <property name="Exif/ISOSpeedRatings" value="400"/>
          <property name="Exif/Make" value="Canon"/>
          <property name="Exif/Model" value="Canon EOS 5D Mark III"/>
          <property name="Exif/Orientation" value="8"/>
          <property name="Exif/ShutterSpeedValue" value="5.625"/>
          <property name="File/ImageHeight" value="3840"/>
          <property name="File/ImageWidth" value="5760"/>
          <property name="System/FileModifyDate" value="2017:09:20 13:37:26"/>
          <property name="System/FileSize" value="4576347"/>
        </meta>
      </photo>
    </camera>
    <camera camera_id="19">
      <photo path="../../../../../raw_images/mannequin/8W0B0020.JPG">
        <meta>
          <property name="Exif/ApertureValue" value="4"/>
          <property name="Exif/DateTime" value="2017:09:20 13:37:28"/>
          <property name="Exif/DateTimeOriginal" value="2017:09:20 13:37:28"/>
          <property name="Exif/ExposureTime" value="0.025"/>
          <property name="Exif/FNumber" value="4"/>
          <property name="Exif/FocalLength" value="35"/>
          <property name="Exif/FocalPlaneXResolution" value="155.216737538198"/>
          <property name="Exif/FocalPlaneYResolution" value="155.536113541363"/>
          <property name="Exif/ISOSpeedRatings" value="400"/>
          <property name="Exif/Make" value="Canon"/>
          <property name="Exif/Model" value="Canon EOS 5D Mark III"/>
          <property name="Exif/Orientation" value="8"/>
          <property name="Exif/ShutterSpeedValue" value="5.375"/>
          <property name="File/ImageHeight" value="3840"/>
          <property name="File/ImageWidth" value="5760"/>
          <property name="System/FileModifyDate" value="2017:09:20 13:37:30"/>
          <property name="System/FileSize" value="4339980"/>
        </meta>
      </photo>
    </camera>
    <camera camera_id="20">
      <photo path="../../../../../raw_images/mannequin/8W0B0021.JPG">
        <meta>
          <property name="Exif/ApertureValue" value="4"/>
          <property name="Exif/DateTime" value="2017:09:20 13:37:33"/>
          <property name="Exif/DateTimeOriginal" value="2017:09:20 13:37:33"/>
          <property name="Exif/ExposureTime" value="0.025"/>
          <property name="Exif/FNumber" value="4"/>
          <property name="Exif/FocalLength" value="35"/>
          <property name="Exif/FocalPlaneXResolution" value="155.216737538198"/>
          <property name="Exif/FocalPlaneYResolution" value="155.536113541363"/>
          <property name="Exif/ISOSpeedRatings" value="400"/>
          <property name="Exif/Make" value="Canon"/>
          <property name="Exif/Model" value="Canon EOS 5D Mark III"/>
          <property name="Exif/Orientation" value="8"/>
          <property name="Exif/ShutterSpeedValue" value="5.375"/>
          <property name="File/ImageHeight" value="3840"/>
          <property name="File/ImageWidth" value="5760"/>
          <property name="System/FileModifyDate" value="2017:09:20 13:37:36"/>
          <property name="System/FileSize" value="4427526"/>
        </meta>
      </photo>
    </camera>
    <camera camera_id="21">
      <photo path="../../../../../raw_images/mannequin/8W0B0022.JPG">
        <meta>
          <property name="Exif/ApertureValue" value="4"/>
          <property name="Exif/DateTime" value="2017:09:20 13:37:41"/>
          <property name="Exif/DateTimeOriginal" value="2017:09:20 13:37:41"/>
          <property name="Exif/ExposureTime" value="0.025"/>
          <property name="Exif/FNumber" value="4"/>
          <property name="Exif/FocalLength" value="35"/>
          <property name="Exif/FocalPlaneXResolution" value="155.216737538198"/>
          <property name="Exif/FocalPlaneYResolution" value="155.536113541363"/>
          <property name="Exif/ISOSpeedRatings" value="400"/>
          <property name="Exif/Make" value="Canon"/>
          <property name="Exif/Model" value="Canon EOS 5D Mark III"/>
          <property name="Exif/Orientation" value="8"/>
          <property name="Exif/ShutterSpeedValue" value="5.375"/>
          <property name="File/ImageHeight" value="3840"/>
          <property name="File/ImageWidth" value="5760"/>
          <property name="System/FileModifyDate" value="2017:09:20 13:37:44"/>
          <property name="System/FileSize" value="4217077"/>
        </meta>
      </photo>
    </camera>
    <camera camera_id="22">
      <photo path="../../../../../raw_images/mannequin/8W0B0023.JPG">
        <meta>
          <property name="Exif/ApertureValue" value="3.625"/>
          <property name="Exif/DateTime" value="2017:09:20 13:37:44"/>
          <property name="Exif/DateTimeOriginal" value="2017:09:20 13:37:44"/>
          <property name="Exif/ExposureTime" value="0.05"/>
          <property name="Exif/FNumber" value="3.5"/>
          <property name="Exif/FocalLength" value="35"/>
          <property name="Exif/FocalPlaneXResolution" value="155.216737538198"/>
          <property name="Exif/FocalPlaneYResolution" value="155.536113541363"/>
          <property name="Exif/ISOSpeedRatings" value="400"/>
          <property name="Exif/Make" value="Canon"/>
          <property name="Exif/Model" value="Canon EOS 5D Mark III"/>
          <property name="Exif/Orientation" value="8"/>
          <property name="Exif/ShutterSpeedValue" value="4.375"/>
          <property name="File/ImageHeight" value="3840"/>
          <property name="File/ImageWidth" value="5760"/>
          <property name="System/FileModifyDate" value="2017:09:20 13:37:46"/>
          <property name="System/FileSize" value="4019202"/>
        </meta>
      </photo>
    </camera>
    <camera camera_id="23">
      <photo path="../../../../../raw_images/mannequin/8W0B0024.JPG">
        <meta>
          <property name="Exif/ApertureValue" value="4"/>
          <property name="Exif/DateTime" value="2017:09:20 13:37:48"/>
          <property name="Exif/DateTimeOriginal" value="2017:09:20 13:37:48"/>
          <property name="Exif/ExposureTime" value="0.025"/>
          <property name="Exif/FNumber" value="4"/>
          <property name="Exif/FocalLength" value="35"/>
          <property name="Exif/FocalPlaneXResolution" value="155.216737538198"/>
          <property name="Exif/FocalPlaneYResolution" value="155.536113541363"/>
          <property name="Exif/ISOSpeedRatings" value="400"/>
          <property name="Exif/Make" value="Canon"/>
          <property name="Exif/Model" value="Canon EOS 5D Mark III"/>
          <property name="Exif/Orientation" value="8"/>
          <property name="Exif/ShutterSpeedValue" value="5.375"/>
          <property name="File/ImageHeight" value="3840"/>
          <property name="File/ImageWidth" value="5760"/>
          <property name="System/FileModifyDate" value="2017:09:20 13:37:52"/>
          <property name="System/FileSize" value="4447089"/>
        </meta>
      </photo>
    </camera>
    <camera camera_id="24">
      <photo path="../../../../../raw_images/mannequin/8W0B0025.JPG">
        <meta>
          <property name="Exif/ApertureValue" value="4"/>
          <property name="Exif/DateTime" value="2017:09:20 13:37:55"/>
          <property name="Exif/DateTimeOriginal" value="2017:09:20 13:37:55"/>
          <property name="Exif/ExposureTime" value="0.025"/>
          <property name="Exif/FNumber" value="4"/>
          <property name="Exif/FocalLength" value="35"/>
          <property name="Exif/FocalPlaneXResolution" value="155.216737538198"/>
          <property name="Exif/FocalPlaneYResolution" value="155.536113541363"/>
          <property name="Exif/ISOSpeedRatings" value="400"/>
          <property name="Exif/Make" value="Canon"/>
          <property name="Exif/Model" value="Canon EOS 5D Mark III"/>
          <property name="Exif/Orientation" value="8"/>
          <property name="Exif/ShutterSpeedValue" value="5.375"/>
          <property name="File/ImageHeight" value="3840"/>
          <property name="File/ImageWidth" value="5760"/>
          <property name="System/FileModifyDate" value="2017:09:20 13:37:58"/>
          <property name="System/FileSize" value="4442607"/>
        </meta>
      </photo>
    </camera>
    <camera camera_id="25">
      <photo path="../../../../../raw_images/mannequin/8W0B0026.JPG">
        <meta>
          <property name="Exif/ApertureValue" value="4"/>
          <property name="Exif/DateTime" value="2017:09:20 13:38:01"/>
          <property name="Exif/DateTimeOriginal" value="2017:09:20 13:38:01"/>
          <property name="Exif/ExposureTime" value="0.025"/>
          <property name="Exif/FNumber" value="4"/>
          <property name="Exif/FocalLength" value="35"/>
          <property name="Exif/FocalPlaneXResolution" value="155.216737538198"/>
          <property name="Exif/FocalPlaneYResolution" value="155.536113541363"/>
          <property name="Exif/ISOSpeedRatings" value="400"/>
          <property name="Exif/Make" value="Canon"/>
          <property name="Exif/Model" value="Canon EOS 5D Mark III"/>
          <property name="Exif/Orientation" value="8"/>
          <property name="Exif/ShutterSpeedValue" value="5.375"/>
          <property name="File/ImageHeight" value="3840"/>
          <property name="File/ImageWidth" value="5760"/>
          <property name="System/FileModifyDate" value="2017:09:20 13:38:04"/>
          <property name="System/FileSize" value="4475598"/>
        </meta>
      </photo>
    </camera>
    <camera camera_id="26">
      <photo path="../../../../../raw_images/mannequin/8W0B0027.JPG">
        <meta>
          <property name="Exif/ApertureValue" value="3.625"/>
          <property name="Exif/DateTime" value="2017:09:20 13:38:06"/>
          <property name="Exif/DateTimeOriginal" value="2017:09:20 13:38:06"/>
          <property name="Exif/ExposureTime" value="0.0333333333333333"/>
          <property name="Exif/FNumber" value="3.5"/>
          <property name="Exif/FocalLength" value="35"/>
          <property name="Exif/FocalPlaneXResolution" value="155.216737538198"/>
          <property name="Exif/FocalPlaneYResolution" value="155.536113541363"/>
          <property name="Exif/ISOSpeedRatings" value="400"/>
          <property name="Exif/Make" value="Canon"/>
          <property name="Exif/Model" value="Canon EOS 5D Mark III"/>
          <property name="Exif/Orientation" value="8"/>
          <property name="Exif/ShutterSpeedValue" value="5"/>
          <property name="File/ImageHeight" value="3840"/>
          <property name="File/ImageWidth" value="5760"/>
          <property name="System/FileModifyDate" value="2017:09:20 13:38:08"/>
          <property name="System/FileSize" value="4471326"/>
        </meta>
      </photo>
    </camera>
    <camera camera_id="27">
      <photo path="../../../../../raw_images/mannequin/8W0B0028.JPG">
        <meta>
          <property name="Exif/ApertureValue" value="3.625"/>
          <property name="Exif/DateTime" value="2017:09:20 13:38:09"/>
          <property name="Exif/DateTimeOriginal" value="2017:09:20 13:38:09"/>
          <property name="Exif/ExposureTime" value="0.05"/>
          <property name="Exif/FNumber" value="3.5"/>
          <property name="Exif/FocalLength" value="35"/>
          <property name="Exif/FocalPlaneXResolution" value="155.216737538198"/>
          <property name="Exif/FocalPlaneYResolution" value="155.536113541363"/>
          <property name="Exif/ISOSpeedRatings" value="400"/>
          <property name="Exif/Make" value="Canon"/>
          <property name="Exif/Model" value="Canon EOS 5D Mark III"/>
          <property name="Exif/Orientation" value="8"/>
          <property name="Exif/ShutterSpeedValue" value="4.375"/>
          <property name="File/ImageHeight" value="3840"/>
          <property name="File/ImageWidth" value="5760"/>
          <property name="System/FileModifyDate" value="2017:09:20 13:38:12"/>
          <property name="System/FileSize" value="4689668"/>
        </meta>
      </photo>
    </camera>
    <camera camera_id="28">
      <photo path="../../../../../raw_images/mannequin/8W0B0029.JPG">
        <meta>
          <property name="Exif/ApertureValue" value="4"/>
          <property name="Exif/DateTime" value="2017:09:20 13:38:14"/>
          <property name="Exif/DateTimeOriginal" value="2017:09:20 13:38:14"/>
          <property name="Exif/ExposureTime" value="0.025"/>
          <property name="Exif/FNumber" value="4"/>
          <property name="Exif/FocalLength" value="35"/>
          <property name="Exif/FocalPlaneXResolution" value="155.216737538198"/>
          <property name="Exif/FocalPlaneYResolution" value="155.536113541363"/>
          <property name="Exif/ISOSpeedRatings" value="400"/>
          <property name="Exif/Make" value="Canon"/>
          <property name="Exif/Model" value="Canon EOS 5D Mark III"/>
          <property name="Exif/Orientation" value="8"/>
          <property name="Exif/ShutterSpeedValue" value="5.375"/>
          <property name="File/ImageHeight" value="3840"/>
          <property name="File/ImageWidth" value="5760"/>
          <property name="System/FileModifyDate" value="2017:09:20 13:38:16"/>
          <property name="System/FileSize" value="4530871"/>
        </meta>
      </photo>
    </camera>
    <camera camera_id="29">
      <photo path="../../../../../raw_images/mannequin/8W0B0030.JPG">
        <meta>
          <property name="Exif/ApertureValue" value="4.625"/>
          <property name="Exif/DateTime" value="2017:09:20 13:38:21"/>
          <property name="Exif/DateTimeOriginal" value="2017:09:20 13:38:21"/>
          <property name="Exif/ExposureTime" value="0.0166666666666667"/>
          <property name="Exif/FNumber" value="5"/>
          <property name="Exif/FocalLength" value="35"/>
          <property name="Exif/FocalPlaneXResolution" value="155.216737538198"/>
          <property name="Exif/FocalPlaneYResolution" value="155.536113541363"/>
          <property name="Exif/ISOSpeedRatings" value="400"/>
          <property name="Exif/Make" value="Canon"/>
          <property name="Exif/Model" value="Canon EOS 5D Mark III"/>
          <property name="Exif/Orientation" value="8"/>
          <property name="Exif/ShutterSpeedValue" value="6"/>
          <property name="File/ImageHeight" value="3840"/>
          <property name="File/ImageWidth" value="5760"/>
          <property name="System/FileModifyDate" value="2017:09:20 13:38:24"/>
          <property name="System/FileSize" value="4674755"/>
        </meta>
      </photo>
    </camera>
    <camera camera_id="30">
      <photo path="../../../../../raw_images/mannequin/8W0B0031.JPG">
        <meta>
          <property name="Exif/ApertureValue" value="4.375"/>
          <property name="Exif/DateTime" value="2017:09:20 13:38:26"/>
          <property name="Exif/DateTimeOriginal" value="2017:09:20 13:38:26"/>
          <property name="Exif/ExposureTime" value="0.02"/>
          <property name="Exif/FNumber" value="4.5"/>
          <property name="Exif/FocalLength" value="35"/>
          <property name="Exif/FocalPlaneXResolution" value="155.216737538198"/>
          <property name="Exif/FocalPlaneYResolution" value="155.536113541363"/>
          <property name="Exif/ISOSpeedRatings" value="400"/>
          <property name="Exif/Make" value="Canon"/>
          <property name="Exif/Model" value="Canon EOS 5D Mark III"/>
          <property name="Exif/Orientation" value="8"/>
          <property name="Exif/ShutterSpeedValue" value="5.625"/>
          <property name="File/ImageHeight" value="3840"/>
          <property name="File/ImageWidth" value="5760"/>
          <property name="System/FileModifyDate" value="2017:09:20 13:38:28"/>
          <property name="System/FileSize" value="5000683"/>
        </meta>
      </photo>
    </camera>
    <camera camera_id="31">
      <photo path="../../../../../raw_images/mannequin/8W0B0032.JPG">
        <meta>
          <property name="Exif/ApertureValue" value="4"/>
          <property name="Exif/DateTime" value="2017:09:20 13:38:30"/>
          <property name="Exif/DateTimeOriginal" value="2017:09:20 13:38:30"/>
          <property name="Exif/ExposureTime" value="0.025"/>
          <property name="Exif/FNumber" value="4"/>
          <property name="Exif/FocalLength" value="35"/>
          <property name="Exif/FocalPlaneXResolution" value="155.216737538198"/>
          <property name="Exif/FocalPlaneYResolution" value="155.536113541363"/>
          <property name="Exif/ISOSpeedRatings" value="400"/>
          <property name="Exif/Make" value="Canon"/>
          <property name="Exif/Model" value="Canon EOS 5D Mark III"/>
          <property name="Exif/Orientation" value="8"/>
          <property name="Exif/ShutterSpeedValue" value="5.375"/>
          <property name="File/ImageHeight" value="3840"/>
          <property name="File/ImageWidth" value="5760"/>
          <property name="System/FileModifyDate" value="2017:09:20 13:38:32"/>
          <property name="System/FileSize" value="4912102"/>
        </meta>
      </photo>
    </camera>
    <camera camera_id="32">
      <photo path="../../../../../raw_images/mannequin/8W0B0033.JPG">
        <meta>
          <property name="Exif/ApertureValue" value="4"/>
          <property name="Exif/DateTime" value="2017:09:20 13:38:34"/>
          <property name="Exif/DateTimeOriginal" value="2017:09:20 13:38:34"/>
          <property name="Exif/ExposureTime" value="0.025"/>
          <property name="Exif/FNumber" value="4"/>
          <property name="Exif/FocalLength" value="35"/>
          <property name="Exif/FocalPlaneXResolution" value="155.216737538198"/>
          <property name="Exif/FocalPlaneYResolution" value="155.536113541363"/>
          <property name="Exif/ISOSpeedRatings" value="400"/>
          <property name="Exif/Make" value="Canon"/>
          <property name="Exif/Model" value="Canon EOS 5D Mark III"/>
          <property name="Exif/Orientation" value="8"/>
          <property name="Exif/ShutterSpeedValue" value="5.375"/>
          <property name="File/ImageHeight" value="3840"/>
          <property name="File/ImageWidth" value="5760"/>
          <property name="System/FileModifyDate" value="2017:09:20 13:38:36"/>
          <property name="System/FileSize" value="4887971"/>
        </meta>
      </photo>
    </camera>
    <camera camera_id="33">
      <photo path="../../../../../raw_images/mannequin/8W0B0034.JPG">
        <meta>
          <property name="Exif/ApertureValue" value="4"/>
          <property name="Exif/DateTime" value="2017:09:20 13:38:37"/>
          <property name="Exif/DateTimeOriginal" value="2017:09:20 13:38:37"/>
          <property name="Exif/ExposureTime" value="0.025"/>
          <property name="Exif/FNumber" value="4"/>
          <property name="Exif/FocalLength" value="35"/>
          <property name="Exif/FocalPlaneXResolution" value="155.216737538198"/>
          <property name="Exif/FocalPlaneYResolution" value="155.536113541363"/>
          <property name="Exif/ISOSpeedRatings" value="400"/>
          <property name="Exif/Make" value="Canon"/>
          <property name="Exif/Model" value="Canon EOS 5D Mark III"/>
          <property name="Exif/Orientation" value="8"/>
          <property name="Exif/ShutterSpeedValue" value="5.375"/>
          <property name="File/ImageHeight" value="3840"/>
          <property name="File/ImageWidth" value="5760"/>
          <property name="System/FileModifyDate" value="2017:09:20 13:38:40"/>
          <property name="System/FileSize" value="5065773"/>
        </meta>
      </photo>
    </camera>
    <camera camera_id="34">
      <photo path="../../../../../raw_images/mannequin/8W0B0035.JPG">
        <meta>
          <property name="Exif/ApertureValue" value="4"/>
          <property name="Exif/DateTime" value="2017:09:20 13:38:40"/>
          <property name="Exif/DateTimeOriginal" value="2017:09:20 13:38:40"/>
          <property name="Exif/ExposureTime" value="0.02"/>
          <property name="Exif/FNumber" value="4"/>
          <property name="Exif/FocalLength" value="35"/>
          <property name="Exif/FocalPlaneXResolution" value="155.216737538198"/>
          <property name="Exif/FocalPlaneYResolution" value="155.536113541363"/>
          <property name="Exif/ISOSpeedRatings" value="400"/>
          <property name="Exif/Make" value="Canon"/>
          <property name="Exif/Model" value="Canon EOS 5D Mark III"/>
          <property name="Exif/Orientation" value="8"/>
          <property name="Exif/ShutterSpeedValue" value="5.625"/>
          <property name="File/ImageHeight" value="3840"/>
          <property name="File/ImageWidth" value="5760"/>
          <property name="System/FileModifyDate" value="2017:09:20 13:38:44"/>
          <property name="System/FileSize" value="4773614"/>
        </meta>
      </photo>
    </camera>
    <camera camera_id="35">
      <photo path="../../../../../raw_images/mannequin/8W0B0036.JPG">
        <meta>
          <property name="Exif/ApertureValue" value="4"/>
          <property name="Exif/DateTime" value="2017:09:20 13:38:46"/>
          <property name="Exif/DateTimeOriginal" value="2017:09:20 13:38:46"/>
          <property name="Exif/ExposureTime" value="0.02"/>
          <property name="Exif/FNumber" value="4"/>
          <property name="Exif/FocalLength" value="35"/>
          <property name="Exif/FocalPlaneXResolution" value="155.216737538198"/>
          <property name="Exif/FocalPlaneYResolution" value="155.536113541363"/>
          <property name="Exif/ISOSpeedRatings" value="400"/>
          <property name="Exif/Make" value="Canon"/>
          <property name="Exif/Model" value="Canon EOS 5D Mark III"/>
          <property name="Exif/Orientation" value="8"/>
          <property name="Exif/ShutterSpeedValue" value="5.625"/>
          <property name="File/ImageHeight" value="3840"/>
          <property name="File/ImageWidth" value="5760"/>
          <property name="System/FileModifyDate" value="2017:09:20 13:38:48"/>
          <property name="System/FileSize" value="4751138"/>
        </meta>
      </photo>
    </camera>
    <camera camera_id="36">
      <photo path="../../../../../raw_images/mannequin/8W0B0037.JPG">
        <meta>
          <property name="Exif/ApertureValue" value="4.625"/>
          <property name="Exif/DateTime" value="2017:09:20 13:38:56"/>
          <property name="Exif/DateTimeOriginal" value="2017:09:20 13:38:56"/>
          <property name="Exif/ExposureTime" value="0.02"/>
          <property name="Exif/FNumber" value="5"/>
          <property name="Exif/FocalLength" value="35"/>
          <property name="Exif/FocalPlaneXResolution" value="155.216737538198"/>
          <property name="Exif/FocalPlaneYResolution" value="155.536113541363"/>
          <property name="Exif/ISOSpeedRatings" value="400"/>
          <property name="Exif/Make" value="Canon"/>
          <property name="Exif/Model" value="Canon EOS 5D Mark III"/>
          <property name="Exif/Orientation" value="8"/>
          <property name="Exif/ShutterSpeedValue" value="5.625"/>
          <property name="File/ImageHeight" value="3840"/>
          <property name="File/ImageWidth" value="5760"/>
          <property name="System/FileModifyDate" value="2017:09:20 13:38:58"/>
          <property name="System/FileSize" value="5518205"/>
        </meta>
      </photo>
    </camera>
    <camera camera_id="37">
      <photo path="../../../../../raw_images/mannequin/8W0B0038.JPG">
        <meta>
          <property name="Exif/ApertureValue" value="4.625"/>
          <property name="Exif/DateTime" value="2017:09:20 13:39:03"/>
          <property name="Exif/DateTimeOriginal" value="2017:09:20 13:39:03"/>
          <property name="Exif/ExposureTime" value="0.0166666666666667"/>
          <property name="Exif/FNumber" value="5"/>
          <property name="Exif/FocalLength" value="35"/>
          <property name="Exif/FocalPlaneXResolution" value="155.216737538198"/>
          <property name="Exif/FocalPlaneYResolution" value="155.536113541363"/>
          <property name="Exif/ISOSpeedRatings" value="400"/>
          <property name="Exif/Make" value="Canon"/>
          <property name="Exif/Model" value="Canon EOS 5D Mark III"/>
          <property name="Exif/Orientation" value="8"/>
          <property name="Exif/ShutterSpeedValue" value="6"/>
          <property name="File/ImageHeight" value="3840"/>
          <property name="File/ImageWidth" value="5760"/>
          <property name="System/FileModifyDate" value="2017:09:20 13:39:06"/>
          <property name="System/FileSize" value="5185127"/>
        </meta>
      </photo>
    </camera>
    <camera camera_id="38">
      <photo path="../../../../../raw_images/mannequin/8W0B0039.JPG">
        <meta>
          <property name="Exif/ApertureValue" value="4.625"/>
          <property name="Exif/DateTime" value="2017:09:20 13:39:06"/>
          <property name="Exif/DateTimeOriginal" value="2017:09:20 13:39:06"/>
          <property name="Exif/ExposureTime" value="0.0166666666666667"/>
          <property name="Exif/FNumber" value="5"/>
          <property name="Exif/FocalLength" value="35"/>
          <property name="Exif/FocalPlaneXResolution" value="155.216737538198"/>
          <property name="Exif/FocalPlaneYResolution" value="155.536113541363"/>
          <property name="Exif/ISOSpeedRatings" value="400"/>
          <property name="Exif/Make" value="Canon"/>
          <property name="Exif/Model" value="Canon EOS 5D Mark III"/>
          <property name="Exif/Orientation" value="8"/>
          <property name="Exif/ShutterSpeedValue" value="6"/>
          <property name="File/ImageHeight" value="3840"/>
          <property name="File/ImageWidth" value="5760"/>
          <property name="System/FileModifyDate" value="2017:09:20 13:39:08"/>
          <property name="System/FileSize" value="4642497"/>
        </meta>
      </photo>
    </camera>
    <camera camera_id="39">
      <photo path="../../../../../raw_images/mannequin/8W0B0040.JPG">
        <meta>
          <property name="Exif/ApertureValue" value="4.625"/>
          <property name="Exif/DateTime" value="2017:09:20 13:39:09"/>
          <property name="Exif/DateTimeOriginal" value="2017:09:20 13:39:09"/>
          <property name="Exif/ExposureTime" value="0.0166666666666667"/>
          <property name="Exif/FNumber" value="5"/>
          <property name="Exif/FocalLength" value="35"/>
          <property name="Exif/FocalPlaneXResolution" value="155.216737538198"/>
          <property name="Exif/FocalPlaneYResolution" value="155.536113541363"/>
          <property name="Exif/ISOSpeedRatings" value="400"/>
          <property name="Exif/Make" value="Canon"/>
          <property name="Exif/Model" value="Canon EOS 5D Mark III"/>
          <property name="Exif/Orientation" value="8"/>
          <property name="Exif/ShutterSpeedValue" value="6"/>
          <property name="File/ImageHeight" value="3840"/>
          <property name="File/ImageWidth" value="5760"/>
          <property name="System/FileModifyDate" value="2017:09:20 13:39:12"/>
          <property name="System/FileSize" value="4754698"/>
        </meta>
      </photo>
    </camera>
    <camera camera_id="40">
      <photo path="../../../../../raw_images/mannequin/8W0B0041.JPG">
        <meta>
          <property name="Exif/ApertureValue" value="4"/>
          <property name="Exif/DateTime" value="2017:09:20 13:39:13"/>
          <property name="Exif/DateTimeOriginal" value="2017:09:20 13:39:13"/>
          <property name="Exif/ExposureTime" value="0.025"/>
          <property name="Exif/FNumber" value="4"/>
          <property name="Exif/FocalLength" value="35"/>
          <property name="Exif/FocalPlaneXResolution" value="155.216737538198"/>
          <property name="Exif/FocalPlaneYResolution" value="155.536113541363"/>
          <property name="Exif/ISOSpeedRatings" value="400"/>
          <property name="Exif/Make" value="Canon"/>
          <property name="Exif/Model" value="Canon EOS 5D Mark III"/>
          <property name="Exif/Orientation" value="8"/>
          <property name="Exif/ShutterSpeedValue" value="5.375"/>
          <property name="File/ImageHeight" value="3840"/>
          <property name="File/ImageWidth" value="5760"/>
          <property name="System/FileModifyDate" value="2017:09:20 13:39:16"/>
          <property name="System/FileSize" value="4591673"/>
        </meta>
      </photo>
    </camera>
    <camera camera_id="41">
      <photo path="../../../../../raw_images/mannequin/8W0B0042.JPG">
        <meta>
          <property name="Exif/ApertureValue" value="4"/>
          <property name="Exif/DateTime" value="2017:09:20 13:39:16"/>
          <property name="Exif/DateTimeOriginal" value="2017:09:20 13:39:16"/>
          <property name="Exif/ExposureTime" value="0.025"/>
          <property name="Exif/FNumber" value="4"/>
          <property name="Exif/FocalLength" value="35"/>
          <property name="Exif/FocalPlaneXResolution" value="155.216737538198"/>
          <property name="Exif/FocalPlaneYResolution" value="155.536113541363"/>
          <property name="Exif/ISOSpeedRatings" value="400"/>
          <property name="Exif/Make" value="Canon"/>
          <property name="Exif/Model" value="Canon EOS 5D Mark III"/>
          <property name="Exif/Orientation" value="8"/>
          <property name="Exif/ShutterSpeedValue" value="5.375"/>
          <property name="File/ImageHeight" value="3840"/>
          <property name="File/ImageWidth" value="5760"/>
          <property name="System/FileModifyDate" value="2017:09:20 13:39:20"/>
          <property name="System/FileSize" value="4463465"/>
        </meta>
      </photo>
    </camera>
    <camera camera_id="42">
      <photo path="../../../../../raw_images/mannequin/8W0B0043.JPG">
        <meta>
          <property name="Exif/ApertureValue" value="4"/>
          <property name="Exif/DateTime" value="2017:09:20 13:39:22"/>
          <property name="Exif/DateTimeOriginal" value="2017:09:20 13:39:22"/>
          <property name="Exif/ExposureTime" value="0.025"/>
          <property name="Exif/FNumber" value="4"/>
          <property name="Exif/FocalLength" value="35"/>
          <property name="Exif/FocalPlaneXResolution" value="155.216737538198"/>
          <property name="Exif/FocalPlaneYResolution" value="155.536113541363"/>
          <property name="Exif/ISOSpeedRatings" value="400"/>
          <property name="Exif/Make" value="Canon"/>
          <property name="Exif/Model" value="Canon EOS 5D Mark III"/>
          <property name="Exif/Orientation" value="8"/>
          <property name="Exif/ShutterSpeedValue" value="5.375"/>
          <property name="File/ImageHeight" value="3840"/>
          <property name="File/ImageWidth" value="5760"/>
          <property name="System/FileModifyDate" value="2017:09:20 13:39:24"/>
          <property name="System/FileSize" value="4490642"/>
        </meta>
      </photo>
    </camera>
    <camera camera_id="43">
      <photo path="../../../../../raw_images/mannequin/8W0B0044.JPG">
        <meta>
          <property name="Exif/ApertureValue" value="3.625"/>
          <property name="Exif/DateTime" value="2017:09:20 13:39:28"/>
          <property name="Exif/DateTimeOriginal" value="2017:09:20 13:39:28"/>
          <property name="Exif/ExposureTime" value="0.0333333333333333"/>
          <property name="Exif/FNumber" value="3.5"/>
          <property name="Exif/FocalLength" value="35"/>
          <property name="Exif/FocalPlaneXResolution" value="155.216737538198"/>
          <property name="Exif/FocalPlaneYResolution" value="155.536113541363"/>
          <property name="Exif/ISOSpeedRatings" value="400"/>
          <property name="Exif/Make" value="Canon"/>
          <property name="Exif/Model" value="Canon EOS 5D Mark III"/>
          <property name="Exif/Orientation" value="8"/>
          <property name="Exif/ShutterSpeedValue" value="5"/>
          <property name="File/ImageHeight" value="3840"/>
          <property name="File/ImageWidth" value="5760"/>
          <property name="System/FileModifyDate" value="2017:09:20 13:39:30"/>
          <property name="System/FileSize" value="4117006"/>
        </meta>
      </photo>
    </camera>
    <camera camera_id="44">
      <photo path="../../../../../raw_images/mannequin/8W0B0045.JPG">
        <meta>
          <property name="Exif/ApertureValue" value="4"/>
          <property name="Exif/DateTime" value="2017:09:20 13:39:33"/>
          <property name="Exif/DateTimeOriginal" value="2017:09:20 13:39:33"/>
          <property name="Exif/ExposureTime" value="0.02"/>
          <property name="Exif/FNumber" value="4"/>
          <property name="Exif/FocalLength" value="35"/>
          <property name="Exif/FocalPlaneXResolution" value="155.216737538198"/>
          <property name="Exif/FocalPlaneYResolution" value="155.536113541363"/>
          <property name="Exif/ISOSpeedRatings" value="400"/>
          <property name="Exif/Make" value="Canon"/>
          <property name="Exif/Model" value="Canon EOS 5D Mark III"/>
          <property name="Exif/Orientation" value="8"/>
          <property name="Exif/ShutterSpeedValue" value="5.625"/>
          <property name="File/ImageHeight" value="3840"/>
          <property name="File/ImageWidth" value="5760"/>
          <property name="System/FileModifyDate" value="2017:09:20 13:39:36"/>
          <property name="System/FileSize" value="4340036"/>
        </meta>
      </photo>
    </camera>
    <camera camera_id="45">
      <photo path="../../../../../raw_images/mannequin/8W0B0046.JPG">
        <meta>
          <property name="Exif/ApertureValue" value="4.625"/>
          <property name="Exif/DateTime" value="2017:09:20 13:39:39"/>
          <property name="Exif/DateTimeOriginal" value="2017:09:20 13:39:39"/>
          <property name="Exif/ExposureTime" value="0.02"/>
          <property name="Exif/FNumber" value="5"/>
          <property name="Exif/FocalLength" value="47"/>
          <property name="Exif/FocalPlaneXResolution" value="155.216737538198"/>
          <property name="Exif/FocalPlaneYResolution" value="155.536113541363"/>
          <property name="Exif/ISOSpeedRatings" value="400"/>
          <property name="Exif/Make" value="Canon"/>
          <property name="Exif/Model" value="Canon EOS 5D Mark III"/>
          <property name="Exif/Orientation" value="8"/>
          <property name="Exif/ShutterSpeedValue" value="5.625"/>
          <property name="File/ImageHeight" value="3840"/>
          <property name="File/ImageWidth" value="5760"/>
          <property name="System/FileModifyDate" value="2017:09:20 13:39:42"/>
          <property name="System/FileSize" value="4529444"/>
        </meta>
      </photo>
    </camera>
    <camera camera_id="46">
      <photo path="../../../../../raw_images/mannequin/8W0B0047.JPG">
        <meta>
          <property name="Exif/ApertureValue" value="4"/>
          <property name="Exif/DateTime" value="2017:09:20 13:39:44"/>
          <property name="Exif/DateTimeOriginal" value="2017:09:20 13:39:44"/>
          <property name="Exif/ExposureTime" value="0.025"/>
          <property name="Exif/FNumber" value="4"/>
          <property name="Exif/FocalLength" value="47"/>
          <property name="Exif/FocalPlaneXResolution" value="155.216737538198"/>
          <property name="Exif/FocalPlaneYResolution" value="155.536113541363"/>
          <property name="Exif/ISOSpeedRatings" value="400"/>
          <property name="Exif/Make" value="Canon"/>
          <property name="Exif/Model" value="Canon EOS 5D Mark III"/>
          <property name="Exif/Orientation" value="8"/>
          <property name="Exif/ShutterSpeedValue" value="5.375"/>
          <property name="File/ImageHeight" value="3840"/>
          <property name="File/ImageWidth" value="5760"/>
          <property name="System/FileModifyDate" value="2017:09:20 13:39:48"/>
          <property name="System/FileSize" value="4600484"/>
        </meta>
      </photo>
    </camera>
    <camera camera_id="47">
      <photo path="../../../../../raw_images/mannequin/8W0B0048.JPG">
        <meta>
          <property name="Exif/ApertureValue" value="4"/>
          <property name="Exif/DateTime" value="2017:09:20 13:39:50"/>
          <property name="Exif/DateTimeOriginal" value="2017:09:20 13:39:50"/>
          <property name="Exif/ExposureTime" value="0.025"/>
          <property name="Exif/FNumber" value="4"/>
          <property name="Exif/FocalLength" value="47"/>
          <property name="Exif/FocalPlaneXResolution" value="155.216737538198"/>
          <property name="Exif/FocalPlaneYResolution" value="155.536113541363"/>
          <property name="Exif/ISOSpeedRatings" value="400"/>
          <property name="Exif/Make" value="Canon"/>
          <property name="Exif/Model" value="Canon EOS 5D Mark III"/>
          <property name="Exif/Orientation" value="8"/>
          <property name="Exif/ShutterSpeedValue" value="5.375"/>
          <property name="File/ImageHeight" value="3840"/>
          <property name="File/ImageWidth" value="5760"/>
          <property name="System/FileModifyDate" value="2017:09:20 13:39:52"/>
          <property name="System/FileSize" value="4757601"/>
        </meta>
      </photo>
    </camera>
  </cameras>
  <thumbnails path="thumbnails/thumbnails.zip"/>
  <point_cloud path="point_cloud/point_cloud.zip"/>
  <dense_cloud path="dense_cloud/dense_cloud.zip"/>
  <model path="model.1/model.zip"/>
</frame>
